{
  "image": "measurements/hawkins_near.jpeg",
  "distance_m": 0.45,
  "width_m": 0.062234219922545915,
  "height_m": 0.06392477801112965,
  "corners_px": [
    [
      519,
      706
    ],
    [
      735,
      718
    ],
    [
      733,
      989
    ],
    [
      512,
      974
    ]
  ],
  "camera_matrix_used": [
    [
      1582.9611022334848,
      0.0,
      973.2726851226962
    ],
    [
      0.0,
      1897.4993811315135,
      1014.8969150406573
    ],
    [
      0.0,
      0.0,
      1.0
    ]
  ]
}