{
  "image": "measurements/hawkins_3m.jpeg",
  "distance_m": 3.0,
  "width_m": 0.06545182599854718,
  "height_m": 0.0687841345726147,
  "corners_px": [
    [
      767,
      1094
    ],
    [
      801,
      1093
    ],
    [
      801,
      1138
    ],
    [
      766,
      1136
    ]
  ],
  "camera_matrix_used": [
    [
      1582.9611022334848,
      0.0,
      973.2726851226962
    ],
    [
      0.0,
      1897.4993811315135,
      1014.8969150406573
    ],
    [
      0.0,
      0.0,
      1.0
    ]
  ]
}