{
  "image": "measurements/image2.jpeg",
  "distance_m": 3.0,
  "width_m": 0.41377784892058456,
  "height_m": 0.42061308454868834,
  "corners_px": [
    [
      519,
      709
    ],
    [
      733,
      720
    ],
    [
      735,
      987
    ],
    [
      513,
      974
    ]
  ],
  "camera_matrix_used": [
    [
      1582.9611022334848,
      0.0,
      973.2726851226962
    ],
    [
      0.0,
      1897.4993811315135,
      1014.8969150406573
    ],
    [
      0.0,
      0.0,
      1.0
    ]
  ]
}