{
  "image": "measurements/object_2p5m.jpeg",
  "distance_m": 3.0,
  "width_m": 0.08785187754304302,
  "height_m": 0.13795720906092176,
  "corners_px": [
    [
      1382,
      324
    ],
    [
      1432,
      322
    ],
    [
      1432,
      391
    ],
    [
      1386,
      395
    ]
  ],
  "camera_matrix_used": [
    [
      1642.7691530093955,
      0.0,
      1010.0967573714878
    ],
    [
      0.0,
      1523.435287603101,
      815.1425871302398
    ],
    [
      0.0,
      0.0,
      1.0
    ]
  ]
}